{
  "total_examples": 1319,
  "format_reward_1_answer_1": 31,
  "format_reward_1_answer_0": 227,
  "format_reward_0": 1061,
  "accuracy": 0.02350265352539803,
  "avg_total_reward": 0.02350265352539803,
  "avg_format_reward": 0.1956027293404094,
  "avg_answer_reward": 0.02350265352539803
}